{"m_a1":-0.08267980028041556,"b_a1":2.2752828301904846,"m_a2":-0.23499317093328106,"b_a2":9.052417441568537}